review_rating,review_text,review_text_plus,review_text_minus,review_text_comment
5,"–î–æ—Å—Ç–æ–∏–Ω—Å—Ç–≤–∞:–ù–∞ –Ω–æ–≥–µ —Å–∏–¥—è—Ç –∫—Ä–∞—Å–∏–≤–æ. –û—á–µ–Ω—å –ø—Ä–∞–∫—Ç–∏—á–Ω–∞—è –ø–æ–¥–æ—à–≤–∞, —Ç–æ —á—Ç–æ –±—É–¥–µ—Ç —Å–æ–ø—Ä–∏–∫–∞—Å–∞—Ç—Å—è —Å –∑–µ–º–ª—ë–π —Ç—ë–º–Ω–æ–≥–æ —Ü–≤–µ—Ç–∞.
–ù–µ–¥–æ—Å—Ç–∞—Ç–∫–∏:–ß—É—Ç—å —Ç—è–∂–µ–ª–æ–≤–∞—Ç—ã, –Ω–æ –Ω–µ –∫—Ä–∏—Ç–∏—á–Ω–æ","–ù–∞ –Ω–æ–≥–µ —Å–∏–¥—è—Ç –∫—Ä–∞—Å–∏–≤–æ. –û—á–µ–Ω—å –ø—Ä–∞–∫—Ç–∏—á–Ω–∞—è –ø–æ–¥–æ—à–≤–∞, —Ç–æ —á—Ç–æ –±—É–¥–µ—Ç —Å–æ–ø—Ä–∏–∫–∞—Å–∞—Ç—Å—è —Å –∑–µ–º–ª—ë–π —Ç—ë–º–Ω–æ–≥–æ —Ü–≤–µ—Ç–∞.","–ß—É—Ç—å —Ç—è–∂–µ–ª–æ–≤–∞—Ç—ã, –Ω–æ –Ω–µ –∫—Ä–∏—Ç–∏—á–Ω–æ",–ù–µ—Ç
5,–î–æ—Å—Ç–æ–∏–Ω—Å—Ç–≤–∞:–û—á–µ–Ω—å –∫—Ä—É—Ç–∞—è –∏ –∫–∞—á–µ—Å—Ç–≤–µ–Ω–Ω–∞—è –º–æ–¥–µ–ª—å,–û—á–µ–Ω—å –∫—Ä—É—Ç–∞—è –∏ –∫–∞—á–µ—Å—Ç–≤–µ–Ω–Ω–∞—è –º–æ–¥–µ–ª—å,–ù–µ—Ç,–ù–µ—Ç
4,"–î–æ—Å—Ç–æ–∏–Ω—Å—Ç–≤–∞:–ù–∞—Ç—É—Ä–∞–ª—å–Ω–∞—è –∫–æ–∂–∞, –¥–∏–∑–∞–π–Ω, —Ä–∞–∑–º–µ—Ä
–ù–µ–¥–æ—Å—Ç–∞—Ç–∫–∏:–¢–≤–µ—Ä–¥–∞—è –ø–æ–¥–æ—à–≤–∞
–ö–æ–º–º–µ–Ω—Ç–∞—Ä–∏–π:–î—É–±–æ–≤–∞—è –ø–æ–¥–æ—à–≤–∞, –∫–∞–∫ –±—É–¥—Ç–æ –Ω–µ —Å–ø–æ—Ä—Ç–∏–≤–Ω–∞—è –æ–±—É–≤—å, –∞ –∫–ª–∞—Å—Å–∏—á–µ—Å–∫–∏–µ —Ç—É—Ñ–ª–∏ –Ω–∞ –∫–∞–±–ª—É–∫–µ, —Ö–æ–¥–∏—à—å –∏ —Å—Ç—É—á–∏—à—å –ø—è—Ç–∫–∞–º–∏. –ù–æ –≤ —Ü–µ–ª–æ–º —Å–º–æ—Ç—Ä—è—Ç—Å—è –æ—Ç–ª–∏—á–Ω–æ –∏ —É–¥–æ–±–Ω—ã–µ","–ù–∞—Ç—É—Ä–∞–ª—å–Ω–∞—è –∫–æ–∂–∞, –¥–∏–∑–∞–π–Ω, —Ä–∞–∑–º–µ—Ä",–¢–≤–µ—Ä–¥–∞—è –ø–æ–¥–æ—à–≤–∞,"–î—É–±–æ–≤–∞—è –ø–æ–¥–æ—à–≤–∞, –∫–∞–∫ –±—É–¥—Ç–æ –Ω–µ —Å–ø–æ—Ä—Ç–∏–≤–Ω–∞—è –æ–±—É–≤—å, –∞ –∫–ª–∞—Å—Å–∏—á–µ—Å–∫–∏–µ —Ç—É—Ñ–ª–∏ –Ω–∞ –∫–∞–±–ª—É–∫–µ, —Ö–æ–¥–∏—à—å –∏ —Å—Ç—É—á–∏—à—å –ø—è—Ç–∫–∞–º–∏. –ù–æ –≤ —Ü–µ–ª–æ–º —Å–º–æ—Ç—Ä—è—Ç—Å—è –æ—Ç–ª–∏—á–Ω–æ –∏ —É–¥–æ–±–Ω—ã–µ"
5,"–î–æ—Å—Ç–æ–∏–Ω—Å—Ç–≤–∞:–û–±–∞–ª–¥–µ–Ω–Ω—ã–µ –∫–∞—á–µ—Å—Ç–≤–æ –∫–∞–∫ –º–∞—Ç–µ—Ä–∏–∞–ª–∞(–Ω–∞—Ç –∫–æ–∂–∞,","–û–±–∞–ª–¥–µ–Ω–Ω—ã–µ –∫–∞—á–µ—Å—Ç–≤–æ –∫–∞–∫ –º–∞—Ç–µ—Ä–∏–∞–ª–∞(–Ω–∞—Ç –∫–æ–∂–∞,",–ù–µ—Ç,–ù–µ—Ç
5,–í—ã–≥–ª—è–¥—è—Ç –æ—Ç–ª–∏—á–Ω–æ! –°–¥–µ–ª–∞–Ω—ã –∫–∞—á–µ—Å—Ç–≤–µ–Ω–Ω–æ! –î–ª—è –º–µ–Ω—è –Ω–µ —Ç—è–∂–µ–ª—ã–µ. –•–æ–¥–∏—Ç—å —Ö–æ—Ä–æ—à–æ. –ú—è–≥–∫–∏–µ. –ù–æ—à—É –¥–≤–µ –Ω–µ–¥–µ–ª–∏ - –ø–æ–ª–µ—Ç –Ω–æ—Ä–º–∞–ª—å–Ω—ã–π,–ù–µ—Ç,–ù–µ—Ç,–í—ã–≥–ª—è–¥—è—Ç –æ—Ç–ª–∏—á–Ω–æ! –°–¥–µ–ª–∞–Ω—ã –∫–∞—á–µ—Å—Ç–≤–µ–Ω–Ω–æ! –î–ª—è –º–µ–Ω—è –Ω–µ —Ç—è–∂–µ–ª—ã–µ. –•–æ–¥–∏—Ç—å —Ö–æ—Ä–æ—à–æ. –ú—è–≥–∫–∏–µ. –ù–æ—à—É –¥–≤–µ –Ω–µ–¥–µ–ª–∏ - –ø–æ–ª–µ—Ç –Ω–æ—Ä–º–∞–ª—å–Ω—ã–π
5,"–î–æ—Å—Ç–æ–∏–Ω—Å—Ç–≤–∞:–ö–∞—á–µ—Å—Ç–≤–æ, —Ü–≤–µ—Ç, –º–æ–¥–µ–ª—å.
–ù–µ–¥–æ—Å—Ç–∞—Ç–∫–∏:–ù–∞ –Ω–æ–≥—É 29 —Å–º –Ω–µ –ø–æ–¥–æ—à—ë–ª —Å–∞–º—ã–π –±–æ–ª—å—à–æ–π —Ä–∞–∑–º–µ—Ä –≤ –ª–∏–Ω–µ–π–∫–µ. –•–æ—Ç–µ–ª–æ—Å—å –±—ã —ç—Ç–∏ –∫—Ä–æ—Å–æ–≤–∫–∏ –æ—á–µ–Ω—å –≤ —Ä–∞–∑–º–µ—Ä–µ 46, 46.5 :)","–ö–∞—á–µ—Å—Ç–≤–æ, —Ü–≤–µ—Ç, –º–æ–¥–µ–ª—å.","–ù–∞ –Ω–æ–≥—É 29 —Å–º –Ω–µ –ø–æ–¥–æ—à—ë–ª —Å–∞–º—ã–π –±–æ–ª—å—à–æ–π —Ä–∞–∑–º–µ—Ä –≤ –ª–∏–Ω–µ–π–∫–µ. –•–æ—Ç–µ–ª–æ—Å—å –±—ã —ç—Ç–∏ –∫—Ä–æ—Å–æ–≤–∫–∏ –æ—á–µ–Ω—å –≤ —Ä–∞–∑–º–µ—Ä–µ 46, 46.5 :)",–ù–µ—Ç
5,"–î–æ—Å—Ç–æ–∏–Ω—Å—Ç–≤–∞:–ö–ª–∞—Å—Å–Ω—ã–µ –∫–µ–¥—ã, –±—ã—Å—Ç—Ä–∞—è –¥–æ—Å—Ç–∞–≤–∫–∞, —Ä–∞–∑–º–µ—Ä –ø–æ–¥–æ—à—ë–ª.
–ù–µ–¥–æ—Å—Ç–∞—Ç–∫–∏:–ü—Ä–∏–¥–µ—Ä–∂–∏–≤–∞—é—Å—å –º–Ω–µ–Ω–∏—è –≤ –ø—Ä–µ–¥—ã–¥—É—â–∏—Ö –æ—Ç–∑—ã–≤–∞—Ö; –¥—É–±–æ–≤–∞—è –ø–æ–¥–æ—à–≤–∞.
–ö–æ–º–º–µ–Ω—Ç–∞—Ä–∏–π:–ù–µ –±—É–¥—É —Å–Ω–∏–º–∞—Ç—å –∑–≤–µ–∑–¥—É –∑–∞ —Å–æ–æ—Ç–Ω–æ—à–µ–Ω–∏–µ —Ü–µ–Ω—ã/–∫–∞—á–µ—Å—Ç–≤–∞,–≤ –Ω–∞–¥–µ–∂–¥–µ —á—Ç–æ –ø–æ–¥–æ—à–≤–∞ –Ω–µ –ª–æ–ø–Ω–µ—Ç.","–ö–ª–∞—Å—Å–Ω—ã–µ –∫–µ–¥—ã, –±—ã—Å—Ç—Ä–∞—è –¥–æ—Å—Ç–∞–≤–∫–∞, —Ä–∞–∑–º–µ—Ä –ø–æ–¥–æ—à—ë–ª.",–ü—Ä–∏–¥–µ—Ä–∂–∏–≤–∞—é—Å—å –º–Ω–µ–Ω–∏—è –≤ –ø—Ä–µ–¥—ã–¥—É—â–∏—Ö –æ—Ç–∑—ã–≤–∞—Ö; –¥—É–±–æ–≤–∞—è –ø–æ–¥–æ—à–≤–∞.,"–ù–µ –±—É–¥—É —Å–Ω–∏–º–∞—Ç—å –∑–≤–µ–∑–¥—É –∑–∞ —Å–æ–æ—Ç–Ω–æ—à–µ–Ω–∏–µ —Ü–µ–Ω—ã/–∫–∞—á–µ—Å—Ç–≤–∞,–≤ –Ω–∞–¥–µ–∂–¥–µ —á—Ç–æ –ø–æ–¥–æ—à–≤–∞ –Ω–µ –ª–æ–ø–Ω–µ—Ç."
4,"–î–æ—Å—Ç–æ–∏–Ω—Å—Ç–≤–∞:–•–æ—Ä–æ—à–æ —É–ø–∞–∫–æ–≤–∞–Ω.
–ù–µ–¥–æ—Å—Ç–∞—Ç–∫–∏:–¢—è–∂—ë–ª—ã–µ.
–ö–æ–º–º–µ–Ω—Ç–∞—Ä–∏–π:–û—Ç–∫–∞–∑.",–•–æ—Ä–æ—à–æ —É–ø–∞–∫–æ–≤–∞–Ω.,–¢—è–∂—ë–ª—ã–µ.,–û—Ç–∫–∞–∑.
5,"–î–æ—Å—Ç–æ–∏–Ω—Å—Ç–≤–∞:–£–¥–∏–≤–∏—Ç–µ–ª—å–Ω–æ, –Ω–æ —ç—Ç–∏ –º–æ–ª–æ–¥–µ–∂–Ω—ã–µ –∫—Ä–æ—Å—Å–æ–≤–∫–∏ –ø–æ–¥–æ—à–ª–∏ –º–Ω–µ –Ω–∞ —Å—É–ø–µ—Ä —à–∏—Ä–æ–∫—É—é –Ω–æ–≥—É! –§–∞–Ω—Ç–∞—Å—Ç–∏–∫–∞! –ò –Ω–∞—Ç—É—Ä–∞–ª—å–Ω–∞—è –∫–æ–∂–∞! –û—á–µ–Ω—å —Ä–µ–∫–æ–º–µ–Ω–¥—É—é. –î–æ–ø–æ–ª–Ω—é –æ—Ç–∑—ã–≤ —á–µ—Ä–µ–∑ –ø–æ–ª–≥–æ–¥–∞ –ø–æ—Å–ª–µ –ø–æ–∫—É–ø–∫–∏.....","–£–¥–∏–≤–∏—Ç–µ–ª—å–Ω–æ, –Ω–æ —ç—Ç–∏ –º–æ–ª–æ–¥–µ–∂–Ω—ã–µ –∫—Ä–æ—Å—Å–æ–≤–∫–∏ –ø–æ–¥–æ—à–ª–∏ –º–Ω–µ –Ω–∞ —Å—É–ø–µ—Ä —à–∏—Ä–æ–∫—É—é –Ω–æ–≥—É! –§–∞–Ω—Ç–∞—Å—Ç–∏–∫–∞! –ò –Ω–∞—Ç—É—Ä–∞–ª—å–Ω–∞—è –∫–æ–∂–∞! –û—á–µ–Ω—å —Ä–µ–∫–æ–º–µ–Ω–¥—É—é. –î–æ–ø–æ–ª–Ω—é –æ—Ç–∑—ã–≤ —á–µ—Ä–µ–∑ –ø–æ–ª–≥–æ–¥–∞ –ø–æ—Å–ª–µ –ø–æ–∫—É–ø–∫–∏.....",–ù–µ—Ç,–ù–µ—Ç
5,"–î–æ—Å—Ç–æ–∏–Ω—Å—Ç–≤–∞:–ö–∞—á–µ—Å—Ç–≤–æ
–ù–µ–¥–æ—Å—Ç–∞—Ç–∫–∏:–ù–µ—Ç
–ö–æ–º–º–µ–Ω—Ç–∞—Ä–∏–π:–û—á–µ–Ω—å —É–¥–æ–±–Ω—ã–µ üëç —Å—Ç–µ–ª—å–∫–∞ –æ–≥–æ–Ω—å üî•",–ö–∞—á–µ—Å—Ç–≤–æ,–ù–µ—Ç,–û—á–µ–Ω—å —É–¥–æ–±–Ω—ã–µ üëç —Å—Ç–µ–ª—å–∫–∞ –æ–≥–æ–Ω—å üî•
5,–î–æ—Å—Ç–æ–∏–Ω—Å—Ç–≤–∞:–û—Ç–ª–∏—á–Ω—ã–µ.,–û—Ç–ª–∏—á–Ω—ã–µ.,–ù–µ—Ç,–ù–µ—Ç
5,–î–æ—Å—Ç–æ–∏–Ω—Å—Ç–≤–∞:–ó–∞ —ç—Ç–∏ –¥–µ–Ω—å–≥–∏ –ø—Ä–æ—Å—Ç–æ –ø–æ–¥–∞—Ä–æ–∫,–ó–∞ —ç—Ç–∏ –¥–µ–Ω—å–≥–∏ –ø—Ä–æ—Å—Ç–æ –ø–æ–¥–∞—Ä–æ–∫,–ù–µ—Ç,–ù–µ—Ç
3,"–ù–µ–¥–æ—Å—Ç–∞—Ç–∫–∏:–ó–∞–¥–Ω–∏–∫ —Ä–∞–∑–Ω–æ—É—Ä–æ–≤–Ω–µ–≤—ã–π, –±—Ä–∞–∫. –ñ–µ—Å—Ç–∫–∞—è –∏ —Ç—è–∂—ë–ª–∞—è –ø–æ–¥–æ—à–≤–∞.
–ö–æ–º–º–µ–Ω—Ç–∞—Ä–∏–π:–ù–∞ –Ω–æ–≥–µ —Å–º–æ—Ç—Ä—è—Ç—Å—è —Ö–æ—Ä–æ—à–æ, –µ—Å–ª–∏ –Ω–µ –æ–±—Ä–∞—â–∞—Ç—å –≤–Ω–∏–º–∞–Ω–∏—è –Ω–∞ –Ω–µ –¥–æ—Å—Ç–∞—Ç–∫–∏,–∫–æ—Ç–æ—Ä—ã–µ –∑–∞–º–µ—Ç–∏–ª–∏ —Ç–æ–ª—å–∫–æ –¥–æ–º–∞. –í–æ–∑–≤—Ä–∞—â–∞—Ç—å –Ω–µ —Å—Ç–∞–ª–∏.",–ù–µ—Ç,"–ó–∞–¥–Ω–∏–∫ —Ä–∞–∑–Ω–æ—É—Ä–æ–≤–Ω–µ–≤—ã–π, –±—Ä–∞–∫. –ñ–µ—Å—Ç–∫–∞—è –∏ —Ç—è–∂—ë–ª–∞—è –ø–æ–¥–æ—à–≤–∞.","–ù–∞ –Ω–æ–≥–µ —Å–º–æ—Ç—Ä—è—Ç—Å—è —Ö–æ—Ä–æ—à–æ, –µ—Å–ª–∏ –Ω–µ –æ–±—Ä–∞—â–∞—Ç—å –≤–Ω–∏–º–∞–Ω–∏—è –Ω–∞ –Ω–µ –¥–æ—Å—Ç–∞—Ç–∫–∏,–∫–æ—Ç–æ—Ä—ã–µ –∑–∞–º–µ—Ç–∏–ª–∏ —Ç–æ–ª—å–∫–æ –¥–æ–º–∞. –í–æ–∑–≤—Ä–∞—â–∞—Ç—å –Ω–µ —Å—Ç–∞–ª–∏."
5,"–î–æ—Å—Ç–æ–∏–Ω—Å—Ç–≤–∞:–ö–∞—á–µ—Å—Ç–≤–µ–Ω–Ω—ã–µ, –∫—Ä–∞—Å–∏–≤—ã–µ , —Å—Ç–∏–ª—å–Ω—ã–µ , –∫–æ–∂–∞‚úÖ
–ù–µ–¥–æ—Å—Ç–∞—Ç–∫–∏:–ò—Ö –Ω–µ—Ç","–ö–∞—á–µ—Å—Ç–≤–µ–Ω–Ω—ã–µ, –∫—Ä–∞—Å–∏–≤—ã–µ , —Å—Ç–∏–ª—å–Ω—ã–µ , –∫–æ–∂–∞‚úÖ",–ò—Ö –Ω–µ—Ç,–ù–µ—Ç
5,"–î–æ—Å—Ç–æ–∏–Ω—Å—Ç–≤–∞:—É–¥–æ–±–Ω—ã–µ
–ù–µ–¥–æ—Å—Ç–∞—Ç–∫–∏:–Ω–µ—Ç
–ö–æ–º–º–µ–Ω—Ç–∞—Ä–∏–π:–Ω–æ—Ä–º –∫—Ä–æ—Å—Å–æ–≤–∫–∏, –ø–æ–ª–Ω–æ–º–µ—Ä–∫–∏üëçüèª",—É–¥–æ–±–Ω—ã–µ,–Ω–µ—Ç,"–Ω–æ—Ä–º –∫—Ä–æ—Å—Å–æ–≤–∫–∏, –ø–æ–ª–Ω–æ–º–µ—Ä–∫–∏üëçüèª"
5,–û—Ç–ª–∏—á–Ω—ã–µ –∫—Ä–æ—Å—Å–æ–≤–∫–∏! –†–µ–∫–æ–º–µ–Ω–¥—É—é!,–ù–µ—Ç,–ù–µ—Ç,–û—Ç–ª–∏—á–Ω—ã–µ –∫—Ä–æ—Å—Å–æ–≤–∫–∏! –†–µ–∫–æ–º–µ–Ω–¥—É—é!
1,"–î–æ—Å—Ç–æ–∏–Ω—Å—Ç–≤–∞:–ö—Ä–æ—Å—Å–æ–≤–∫–∏ –æ—á–µ–Ω—å —É–¥–æ–±–Ω—ã–µ, –∑–∞–∫–∞–∑—ã–≤–∞–ª–∏ –µ—â—ë –ª–µ—Ç–æ–º, –Ω–æ –æ—Ç–∫–∞–∑–∞–ª–∏—Å—å, —Ç–∞–∫ –∫–∞–∫ –æ–Ω–∏ –ø–æ–∫–∞–∑–∞–ª–∏—Å—å –æ—á–µ–Ω—å —Ç—ë–ø–ª—ã–º–∏, –ø–æ—ç—Ç–æ–º—É –¥–æ–±–∞–≤–∏–ª–∞ –≤ –æ—Ç–ª–æ–∂–µ–Ω–Ω–æ–µ –∏ –ø–µ—Ä–µ–∑–∞–∫–∞–∑–∞–ª–∏ –∏—Ö, –∑–∞–±—Ä–∞–ª–∏ 10 –æ–∫—Ç—è–±—Ä—è.
–ù–µ–¥–æ—Å—Ç–∞—Ç–∫–∏:–í–æ–Ω—å
–ö–æ–º–º–µ–Ω—Ç–∞—Ä–∏–π:–ü–∏—à—É –æ—Ç–∑—ã–≤ —Å–ø—É—Å—Ç—è –º–µ—Å—è—Ü, 13 –Ω–æ—è–±—Ä—è. –£–∂–µ —Å–ø—É—Å—Ç—è –Ω–µ—Å–∫–æ–ª—å–∫–æ –¥–Ω–µ–π –∫—Ä–æ—Å—Å–æ–≤–∫–∏ —Å—Ç–∞–ª–∏ –ø–æ–≤–∞–Ω–∏–≤–∞—Ç—å, —Å–ø—É—Å—Ç—è –º–µ—Å—è—Ü –æ–Ω–∏ –ø—Ä–æ—Å—Ç–æ, –ø—Ä–æ—Å—Ç–∏—Ç–µ, —Å–º–µ—Ä–¥—è—Ç –Ω–∞ –≤–µ—Å—å –∫–æ—Ä–∏–¥–æ—Ä. –Ø –æ—á–µ–Ω—å —Å–∏–ª—å–Ω–æ —Å–æ–º–Ω–µ–≤–∞—é—Å—å, —á—Ç–æ —ç—Ç–æ –Ω–∞—Ç—É—Ä–∞–ª—å–Ω–∞—è –∫–æ–∂–∞. –ú—ã –Ω–µ–æ–¥–Ω–æ–∫—Ä–∞—Ç–Ω–æ –∑–∞–∫–∞–∑—ã–≤–∞–ª–∏ –∫—Ä–æ—Å—Å–æ–≤–∫–∏ –Ω–∞ —Å–µ–∑–æ–Ω –∏–∑ –Ω–µ–Ω–∞—Ç—É—Ä–∞–ª—å–Ω–æ–π –∫–æ–∂–∏ –∏ –¥—Ä—É–≥–∏—Ö –º–∞—Ç–µ—Ä–∏–∞–ª–æ–≤, –Ω–æ –≤–æ–Ω–∏, –¥–∞ –∏ –ø—Ä–æ—Å—Ç–æ –∑–∞–ø–∞—Ö–æ–≤, –Ω–∏–∫–æ–≥–¥–∞ –Ω–µ –±—ã–ª–æ. –ü–æ–≥–æ–¥–∞ —Å—Ç–æ—è–ª–∞ —Å—É—Ö–∞—è, –æ–Ω–∏ –Ω–∏–≥–¥–µ –Ω–µ –ø—Ä–æ–º–æ–∫–∞–ª–∏, –Ω–æ –Ω–∞ –¥—Ä—É–≥–æ–π —Å–µ–∑–æ–Ω –∏—Ö —è–≤–Ω–æ –Ω–µ –æ—Å—Ç–∞–≤–∏—à—å. –ö—Ä–∞–π–Ω–µ —Ä–∞–∑–æ—á–∞—Ä–æ–≤–∞–Ω—ã –ø–æ–∫—É–ø–∫–æ–π, –ø–æ—Ç–æ–º—É —á—Ç–æ –¥–∞–ª—å–Ω–µ–π—à–µ–º—É –∏—Å–ø–æ–ª—å–∑–æ–≤–∞–Ω–∏—é –æ–Ω–∏ –Ω–µ –ø–æ–¥–ª–µ–∂–∞—Ç, –±—É–¥—É—á–∏ –æ—Ä—É–∂–∏–µ–º –º–∞—Å—Å–æ–≤–æ–≥–æ –ø–æ—Ä–∞–∂–µ–Ω–∏—è. –û—Ç–¥–∞–≤ –∑–∞ –Ω–∏—Ö –±–æ–ª—å—à–µ 4 —Ç—ã—Å—è—á, –∫—Ä–∞–π–Ω–µ —Ä–∞–∑–æ—á–∞—Ä–æ–≤–∞–Ω–∞ –∏ –Ω–µ —Ä–µ–∫–æ–º–µ–Ω–¥—É—é –∫ –ø–æ–∫—É–ø–∫–µ, –Ω–æ –Ω–∞–¥–æ –æ—Ç–¥–∞—Ç—å –∏–º –¥–æ–ª–∂–Ω–æ–µ - –≤–∏–¥ —É –Ω–∏—Ö —Ç–∞–∫–æ–π –∂–µ, –∫–∞–∫ –∏ –±—ã–ª –ø—Ä–∏ –ø–æ–∫—É–ø–∫–µ, –ø–æ—ç—Ç–æ–º—É —Ñ–æ—Ç–æ–≥—Ä–∞—Ñ–∏–∏ –ø—Ä–∏–ª–∞–≥–∞—Ç—å —Å–º—ã—Å–ª–∞ –Ω–µ—Ç, –≤–æ–Ω—å –æ–Ω–∏ –Ω–µ –ø–µ—Ä–µ–¥–∞–¥—É—Ç.","–ö—Ä–æ—Å—Å–æ–≤–∫–∏ –æ—á–µ–Ω—å —É–¥–æ–±–Ω—ã–µ, –∑–∞–∫–∞–∑—ã–≤–∞–ª–∏ –µ—â—ë –ª–µ—Ç–æ–º, –Ω–æ –æ—Ç–∫–∞–∑–∞–ª–∏—Å—å, —Ç–∞–∫ –∫–∞–∫ –æ–Ω–∏ –ø–æ–∫–∞–∑–∞–ª–∏—Å—å –æ—á–µ–Ω—å —Ç—ë–ø–ª—ã–º–∏, –ø–æ—ç—Ç–æ–º—É –¥–æ–±–∞–≤–∏–ª–∞ –≤ –æ—Ç–ª–æ–∂–µ–Ω–Ω–æ–µ –∏ –ø–µ—Ä–µ–∑–∞–∫–∞–∑–∞–ª–∏ –∏—Ö, –∑–∞–±—Ä–∞–ª–∏ 10 –æ–∫—Ç—è–±—Ä—è.",–í–æ–Ω—å,"–ü–∏—à—É –æ—Ç–∑—ã–≤ —Å–ø—É—Å—Ç—è –º–µ—Å—è—Ü, 13 –Ω–æ—è–±—Ä—è. –£–∂–µ —Å–ø—É—Å—Ç—è –Ω–µ—Å–∫–æ–ª—å–∫–æ –¥–Ω–µ–π –∫—Ä–æ—Å—Å–æ–≤–∫–∏ —Å—Ç–∞–ª–∏ –ø–æ–≤–∞–Ω–∏–≤–∞—Ç—å, —Å–ø—É—Å—Ç—è –º–µ—Å—è—Ü –æ–Ω–∏ –ø—Ä–æ—Å—Ç–æ, –ø—Ä–æ—Å—Ç–∏—Ç–µ, —Å–º–µ—Ä–¥—è—Ç –Ω–∞ –≤–µ—Å—å –∫–æ—Ä–∏–¥–æ—Ä. –Ø –æ—á–µ–Ω—å —Å–∏–ª—å–Ω–æ —Å–æ–º–Ω–µ–≤–∞—é—Å—å, —á—Ç–æ —ç—Ç–æ –Ω–∞—Ç—É—Ä–∞–ª—å–Ω–∞—è –∫–æ–∂–∞. –ú—ã –Ω–µ–æ–¥–Ω–æ–∫—Ä–∞—Ç–Ω–æ –∑–∞–∫–∞–∑—ã–≤–∞–ª–∏ –∫—Ä–æ—Å—Å–æ–≤–∫–∏ –Ω–∞ —Å–µ–∑–æ–Ω –∏–∑ –Ω–µ–Ω–∞—Ç—É—Ä–∞–ª—å–Ω–æ–π –∫–æ–∂–∏ –∏ –¥—Ä—É–≥–∏—Ö –º–∞—Ç–µ—Ä–∏–∞–ª–æ–≤, –Ω–æ –≤–æ–Ω–∏, –¥–∞ –∏ –ø—Ä–æ—Å—Ç–æ –∑–∞–ø–∞—Ö–æ–≤, –Ω–∏–∫–æ–≥–¥–∞ –Ω–µ –±—ã–ª–æ. –ü–æ–≥–æ–¥–∞ —Å—Ç–æ—è–ª–∞ —Å—É—Ö–∞—è, –æ–Ω–∏ –Ω–∏–≥–¥–µ –Ω–µ –ø—Ä–æ–º–æ–∫–∞–ª–∏, –Ω–æ –Ω–∞ –¥—Ä—É–≥–æ–π —Å–µ–∑–æ–Ω –∏—Ö —è–≤–Ω–æ –Ω–µ –æ—Å—Ç–∞–≤–∏—à—å. –ö—Ä–∞–π–Ω–µ —Ä–∞–∑–æ—á–∞—Ä–æ–≤–∞–Ω—ã –ø–æ–∫—É–ø–∫–æ–π, –ø–æ—Ç–æ–º—É —á—Ç–æ –¥–∞–ª—å–Ω–µ–π—à–µ–º—É –∏—Å–ø–æ–ª—å–∑–æ–≤–∞–Ω–∏—é –æ–Ω–∏ –Ω–µ –ø–æ–¥–ª–µ–∂–∞—Ç, –±—É–¥—É—á–∏ –æ—Ä—É–∂–∏–µ–º –º–∞—Å—Å–æ–≤–æ–≥–æ –ø–æ—Ä–∞–∂–µ–Ω–∏—è. –û—Ç–¥–∞–≤ –∑–∞ –Ω–∏—Ö –±–æ–ª—å—à–µ 4 —Ç—ã—Å—è—á, –∫—Ä–∞–π–Ω–µ —Ä–∞–∑–æ—á–∞—Ä–æ–≤–∞–Ω–∞ –∏ –Ω–µ —Ä–µ–∫–æ–º–µ–Ω–¥—É—é –∫ –ø–æ–∫—É–ø–∫–µ, –Ω–æ –Ω–∞–¥–æ –æ—Ç–¥–∞—Ç—å –∏–º –¥–æ–ª–∂–Ω–æ–µ - –≤–∏–¥ —É –Ω–∏—Ö —Ç–∞–∫–æ–π –∂–µ, –∫–∞–∫ –∏ –±—ã–ª –ø—Ä–∏ –ø–æ–∫—É–ø–∫–µ, –ø–æ—ç—Ç–æ–º—É —Ñ–æ—Ç–æ–≥—Ä–∞—Ñ–∏–∏ –ø—Ä–∏–ª–∞–≥–∞—Ç—å —Å–º—ã—Å–ª–∞ –Ω–µ—Ç, –≤–æ–Ω—å –æ–Ω–∏ –Ω–µ –ø–µ—Ä–µ–¥–∞–¥—É—Ç."
1,"–ü–æ–Ω–∞—á–∞–ª—É –¥—É–º–∞–ª, —á—Ç–æ –∫–ª–∞—Å—Å–Ω—ã–µ. –†–æ–≤–Ω–æ –Ω–µ–¥–µ–ª—è, –ø–æ—è–≤–∏–ª–∏—Å—å —Ç—Ä–µ—â–∏–Ω—ã. –°–¥–∞–ª –ø–æ –±—Ä–∞–∫—É. –ù–∞—Å—Ç–æ—è—Ç–µ–ª—å–Ω–æ –Ω–µ —Å–æ–≤–µ—Ç—É—é! –£–≤–∞–∂–∞–µ–º—ã–π –ø—Ä–æ–¥–∞–≤–µ—Ü, –∫–∞–∫–æ–π —Å–º—ã—Å–ª –ø—Ä–æ–¥–∞–≤–∞—Ç—å —Ç–∞–∫–æ–π —Ç–æ–≤–∞—Ä?",–ù–µ—Ç,–ù–µ—Ç,"–ü–æ–Ω–∞—á–∞–ª—É –¥—É–º–∞–ª, —á—Ç–æ –∫–ª–∞—Å—Å–Ω—ã–µ. –†–æ–≤–Ω–æ –Ω–µ–¥–µ–ª—è, –ø–æ—è–≤–∏–ª–∏—Å—å —Ç—Ä–µ—â–∏–Ω—ã. –°–¥–∞–ª –ø–æ –±—Ä–∞–∫—É. –ù–∞—Å—Ç–æ—è—Ç–µ–ª—å–Ω–æ –Ω–µ —Å–æ–≤–µ—Ç—É—é! –£–≤–∞–∂–∞–µ–º—ã–π –ø—Ä–æ–¥–∞–≤–µ—Ü, –∫–∞–∫–æ–π —Å–º—ã—Å–ª –ø—Ä–æ–¥–∞–≤–∞—Ç—å —Ç–∞–∫–æ–π —Ç–æ–≤–∞—Ä?"
5,–ù–µ –ø–æ–¥–æ—à—ë–ª —Ä–∞–∑–º–µ—Ä,–ù–µ—Ç,–ù–µ—Ç,–ù–µ –ø–æ–¥–æ—à—ë–ª —Ä–∞–∑–º–µ—Ä
5,–î–æ—Å—Ç–æ–∏–Ω—Å—Ç–≤–∞:—Ö–æ—Ä–æ—à–µ–≥–æ –∫–∞—á–µ—Å—Ç–≤–∞),—Ö–æ—Ä–æ—à–µ–≥–æ –∫–∞—á–µ—Å—Ç–≤–∞),–ù–µ—Ç,–ù–µ—Ç
4,"–î–æ—Å—Ç–æ–∏–Ω—Å—Ç–≤–∞:–ö–∞—á–µ—Å—Ç–≤–µ–Ω–Ω–æ —Å—à–∏—Ç—ã
–ù–µ–¥–æ—Å—Ç–∞—Ç–∫–∏:–¢—è–∂—ë–ª—ã–µ, —É–∑–∫–∏–µ, —Å—Ç–µ–ª—å–∫–∞ –Ω–µ—É–¥–æ–±–Ω–∞—è",–ö–∞—á–µ—Å—Ç–≤–µ–Ω–Ω–æ —Å—à–∏—Ç—ã,"–¢—è–∂—ë–ª—ã–µ, —É–∑–∫–∏–µ, —Å—Ç–µ–ª—å–∫–∞ –Ω–µ—É–¥–æ–±–Ω–∞—è",–ù–µ—Ç
4,"–î–æ—Å—Ç–æ–∏–Ω—Å—Ç–≤–∞:–ê–∫–∫—É—Ä–∞—Ç–Ω–æ —Å—à–∏—Ç—ã, –Ω–∏—Ç–∫–∏ –Ω–µ —Ç–æ—Ä—á–∞—Ç, —Å–∏–º–ø–∞—Ç–∏—á–Ω—ã–µ
–ù–µ–¥–æ—Å—Ç–∞—Ç–∫–∏:–û—á–µ–Ω—å —Ç—è–∂—ë–ª—ã–µ, –Ω–∞ —É–∑–∫—É—é –Ω–æ–≥—É, –Ω–µ—É–¥–æ–±–Ω–∞—è —Å—Ç–µ–ª—å–∫–∞","–ê–∫–∫—É—Ä–∞—Ç–Ω–æ —Å—à–∏—Ç—ã, –Ω–∏—Ç–∫–∏ –Ω–µ —Ç–æ—Ä—á–∞—Ç, —Å–∏–º–ø–∞—Ç–∏—á–Ω—ã–µ","–û—á–µ–Ω—å —Ç—è–∂—ë–ª—ã–µ, –Ω–∞ —É–∑–∫—É—é –Ω–æ–≥—É, –Ω–µ—É–¥–æ–±–Ω–∞—è —Å—Ç–µ–ª—å–∫–∞",–ù–µ—Ç
5,"–î–æ—Å—Ç–æ–∏–Ω—Å—Ç–≤–∞:—à–∏–∫–∞—Ä–Ω—ã–µ –∫—Ä–æ—Å—Å–æ–≤–∫–∏, —É–¥–æ–±–Ω—ã–µ –ª–µ–≥–∫–∏–µ, –Ω–æ–≥–µ –∫–æ–º—Ñ–æ—Ä—Ç–Ω–æ, —Ä–µ–∫–æ–º–µ–Ω–¥—É–µ–º","—à–∏–∫–∞—Ä–Ω—ã–µ –∫—Ä–æ—Å—Å–æ–≤–∫–∏, —É–¥–æ–±–Ω—ã–µ –ª–µ–≥–∫–∏–µ, –Ω–æ–≥–µ –∫–æ–º—Ñ–æ—Ä—Ç–Ω–æ, —Ä–µ–∫–æ–º–µ–Ω–¥—É–µ–º",–ù–µ—Ç,–ù–µ—Ç
2,"–î–æ—Å—Ç–æ–∏–Ω—Å—Ç–≤–∞:–ü—Ä–∏–ª–∏—á–Ω—ã–µ —Å –≤–∏–¥—É
–ù–µ–¥–æ—Å—Ç–∞—Ç–∫–∏:–ù–µ—É–¥–æ–±–Ω—ã–µ
–ö–æ–º–º–µ–Ω—Ç–∞—Ä–∏–π:–ê–±—Å–æ–ª—é—Ç–Ω–æ –¥—É–±–æ–≤—ã–µ. –¢—è–∂–µ–ª—ã–µ. –°—Ç—Ä–∞–Ω–Ω–æ —á—Ç–æ –º–∞—Å–∫–æ—Ç—Ç —Ç–∞–∫–æ–µ —Å–¥–µ–ª–∞–ª",–ü—Ä–∏–ª–∏—á–Ω—ã–µ —Å –≤–∏–¥—É,–ù–µ—É–¥–æ–±–Ω—ã–µ,–ê–±—Å–æ–ª—é—Ç–Ω–æ –¥—É–±–æ–≤—ã–µ. –¢—è–∂–µ–ª—ã–µ. –°—Ç—Ä–∞–Ω–Ω–æ —á—Ç–æ –º–∞—Å–∫–æ—Ç—Ç —Ç–∞–∫–æ–µ —Å–¥–µ–ª–∞–ª
5,"–ö–µ–¥—ã –æ—Ç–ª–∏—á–Ω—ã–µ, –æ—à–∏–±–ª–∏—Å—å —Å —Ä–∞–∑–º–µ—Ä–æ–º, –ø–µ—Ä–µ–∑–∞–∫–∞–∑",–ù–µ—Ç,–ù–µ—Ç,"–ö–µ–¥—ã –æ—Ç–ª–∏—á–Ω—ã–µ, –æ—à–∏–±–ª–∏—Å—å —Å —Ä–∞–∑–º–µ—Ä–æ–º, –ø–µ—Ä–µ–∑–∞–∫–∞–∑"
5,–î–æ—Å—Ç–æ–∏–Ω—Å—Ç–≤–∞:–ö—Ä–æ—Å—Å–æ–≤–∫–∏ –±–æ–º–±–∞))) –ö–∞—á–µ—Å—Ç–≤–æ üî• –î–æ–≤–æ–ª–µ–Ω –Ω–∞ –≤—Å–µ 100,–ö—Ä–æ—Å—Å–æ–≤–∫–∏ –±–æ–º–±–∞))) –ö–∞—á–µ—Å—Ç–≤–æ üî• –î–æ–≤–æ–ª–µ–Ω –Ω–∞ –≤—Å–µ 100,–ù–µ—Ç,–ù–µ—Ç
4,–ù–µ–¥–æ—Å—Ç–∞—Ç–∫–∏:–†–∞–∑–º–µ—Ä –Ω–µ –ø–æ–¥–æ—à–µ–ª,–ù–µ—Ç,–†–∞–∑–º–µ—Ä –Ω–µ –ø–æ–¥–æ—à–µ–ª,–ù–µ—Ç
5,"–î–æ—Å—Ç–æ–∏–Ω—Å—Ç–≤–∞:–û—á–µ–Ω—å —É–¥–æ–±–Ω–∞—è —Å—Ç–µ–ª—å–∫–∞
–ö–æ–º–º–µ–Ω—Ç–∞—Ä–∏–π:–ú–∞—Ç–µ—Ä–∏–∞–ª —Å–ø–∏–ª–æ–∫ . –û—á–µ–Ω—å –º—è–≥–∫–∞—è —Å—Ç–µ–ª—å–∫–∞",–û—á–µ–Ω—å —É–¥–æ–±–Ω–∞—è —Å—Ç–µ–ª—å–∫–∞,–ù–µ—Ç,–ú–∞—Ç–µ—Ä–∏–∞–ª —Å–ø–∏–ª–æ–∫ . –û—á–µ–Ω—å –º—è–≥–∫–∞—è —Å—Ç–µ–ª—å–∫–∞
5,–î–æ—Å—Ç–æ–∏–Ω—Å—Ç–≤–∞:–•–æ—Ä–æ—à–∏–µ,–•–æ—Ä–æ—à–∏–µ,–ù–µ—Ç,–ù–µ—Ç
5,"–î–æ—Å—Ç–æ–∏–Ω—Å—Ç–≤–∞:–ö–∞—á–µ—Å—Ç–≤–æ —Ö–æ—Ä–æ—à–µ–µ
–ö–æ–º–º–µ–Ω—Ç–∞—Ä–∏–π:–ü–æ —à–∏—Ä–∏–Ω–µ –Ω–µ –ø–æ–¥–æ—à–ª–∏, –ø–∞–ª–µ—Ü —É–ø–∏—Ä–∞–ª—Å—è",–ö–∞—á–µ—Å—Ç–≤–æ —Ö–æ—Ä–æ—à–µ–µ,–ù–µ—Ç,"–ü–æ —à–∏—Ä–∏–Ω–µ –Ω–µ –ø–æ–¥–æ—à–ª–∏, –ø–∞–ª–µ—Ü —É–ø–∏—Ä–∞–ª—Å—è"
