review_rating,review_text,review_text_plus,review_text_minus
1,"–î–æ—Å—Ç–æ–∏–Ω—Å—Ç–≤–∞:–î–æ—Å—Ç–æ–∏–Ω—Å—Ç–æ–≤ –Ω–µ—Ç
–ù–µ–¥–æ—Å—Ç–∞—Ç–∫–∏:–ù–µ–¥–æ—Å—Ç–∞—Ç–∫–∏ –≤–æ –≤—Å–µ–º! –û—Ç–∫–ª–µ–∏–ª–∏—Å—å –ø–æ—Å–ª–µ 1 –¥–Ω—è –Ω–æ—Å–∫–∏. –ö—É–ø–∏—Ç–µ —Å–µ–±–µ –ª—É—á—à–µ –≤–∞–ª–µ–Ω–∫–∏ –∑–∞ —Ç–∞–∫–∏–µ –¥–µ–Ω—å–≥–∏ –∏ –Ω–æ—Å–∏—Ç–µ —Å —É–¥–æ–≤–ª—å—Å—Ç–≤–∏–µ–º, –±—É–¥–µ—Ç–µ –∑–Ω–∞—Ç—å —Ç–æ—á–Ω–æ, —á—Ç–æ –Ω–æ–≥–∞ –≤ —Ç–µ–ø–ª–µ.
–ö–æ–º–º–µ–Ω—Ç–∞—Ä–∏–π:–£–∂–∞—Å! –°–∞–º—ã–µ —Ö—É–¥—à–∏–µ –∫—Ä–æ—Å—Å–æ–≤–∫–∏, —á—Ç–æ —è –∫–æ–≥–¥–∞-–ª–∏—å–æ –ø–æ–∫—É–ø–∞–ª!",,
5,–î–æ—Å—Ç–æ–∏–Ω—Å—Ç–≤–∞:–°—É–ø–µ—Ä —Å—ã–Ω –¥–æ–≤–æ–ª–µ–Ω,,
5,"–î–æ—Å—Ç–æ–∏–Ω—Å—Ç–≤–∞:–ö—Ä–∞—Å–∏–≤—ã–µ –∫—Ä–æ—Å—Å—ã,–≤ –¥–µ–ª–µ –Ω–µ –ø—Ä–æ–±—ã–≤–∞–ª,–∞ —Ç–∞–∫ –≤—Å–µ –Ω—Ä–∞–≤–∏—Ç—Å—èüëç",,
5,"–î–æ—Å—Ç–æ–∏–Ω—Å—Ç–≤–∞:–ö–∞—á–µ—Å—Ç–≤–æ —Ö–æ—Ä–æ—à–µ–µ, –Ω–æ —Å—ã–Ω—É –Ω–µ –ø–æ–¥–æ—à–ª–∏",,
5,"–û—Ç–ª–∏—á–Ω—ã–µ , —Ä–∞–∑–º–µ—Ä –Ω–µ –ø–æ–¥–æ—à—ë–ª",,
5,"–î–æ—Å—Ç–æ–∏–Ω—Å—Ç–≤–∞:–û—á–µ–Ω—å –∫—Ä–∞—Å–∏–≤—ã–µ ,–∫–∞–∫ –Ω–∞ –∫–∞—Ä—Ç–∏–Ω–∫–∞—Ö.
–ù–µ–¥–æ—Å—Ç–∞—Ç–∫–∏:–ú–µ—Å—Ç–∞–º–∏ –≤–∏–¥–Ω—ã –∏–∑–ª–∏—à–∫–∏ –∫–ª–µ—è.
–ö–æ–º–º–µ–Ω—Ç–∞—Ä–∏–π:–û—Å—Ç–∞–≤–ª—è—é—Ç —Ö–æ—Ä–æ—à–∏–µ –≤–ø–µ—á–∞—Ç–ª–µ–Ω–∏—è",,
4,–ù–µ–¥–æ—Å—Ç–∞—Ç–∫–∏:–†–∞–∑–º–µ—Ä –Ω–µ —Ç–æ—Ç,,
5,"–î–æ—Å—Ç–æ–∏–Ω—Å—Ç–≤–∞:–°—ã–Ω –¥–æ–≤–æ–ª–µ–Ω –∫–∞–∫ —Å–ª–æ–Ω, –≥–æ–≤–æ—Ä–∏—Ç, —á—Ç–æ –≤ –Ω–∏—Ö –ø–æ–∫–∞ —Ç–µ–ø–ª–æ, —Å—Ç–µ–ª—å–∫–∞ –ø–æ–Ω—Ä–∞–≤–∏–ª–∞—Å—å, –ø—Ä–∏—à–ª–∏ –≤ —Ä–∞–∑–º–µ—Ä",,
5,"–î–æ—Å—Ç–æ–∏–Ω—Å—Ç–≤–∞:–í—Å–µ –∫–∞–∫ –≤ –æ–ø–∏—Å–∞–Ω–∏–∏, –∫–∞—á–µ—Å—Ç–≤–µ–Ω–Ω—ã–µ, —Ä–µ–∫–æ–º–µ–Ω–¥—É—é",,
5,–ù–∞ –≤–∏–¥ –æ—á–µ–Ω—å –¥–∞–∂–µ —Ö–æ—Ä–æ—à–∏–µ.,,
1,"–î–æ—Å—Ç–æ–∏–Ω—Å—Ç–≤–∞:–ö—Ä–∞—Å–∏–≤—ã–µ.
–ù–µ–¥–æ—Å—Ç–∞—Ç–∫–∏:–¢—è–∂—ë–ª—ã–µ. –ù–µ —Ä–µ–∫–æ–º–µ–Ω–¥—É—é. –í—ã–∫–∏–Ω—É–ª–∏ 5238 —Ä. –Ω–∞ –≤–µ—Ç–µ—Ä. –ê –∫—Ç–æ —Ç–æ –Ω–∞–∂–∏–ª—Å—è , –ø–æ–ª–æ–∂–∏–ª —Å–µ–±–µ –¥–µ–Ω—å–≥–∏ –≤ –∫–∞—Ä–º–∞–Ω. –ü–æ–ª–Ω–∞—è .–π–Ω—è
–ö–æ–º–º–µ–Ω—Ç–∞—Ä–∏–π:–ö—Ä–æ—Å—Å–æ–≤–∫–∏ –ø–æ—Ä–≤–∞–ª–∏—Å—å –±—É–∫–≤–∞–ª—å–Ω–æ –Ω–∞ 13 –¥–µ–Ω—å –Ω–æ—Å–∫–∏. –ù–∞ —Ñ–æ—Ç–æ –≤–∏–¥–Ω–æ. –ù–∞ 14 –¥–µ–Ω—å —Å—Ç–∞–ª–∏ –æ—Ñ–æ—Ä–º–ª—è—Ç—å –≤–æ–∑–≤—Ä–∞—Ç —Ç–æ–≤–∞—Ä–∞ , –∞ –ø—Ä–æ–¥–∞–≤–µ—Ü –Ω–µ –ø—Ä–∏–Ω–∏–º–∞–µ—Ç –æ–±—É–≤—å —Ç.–∫. –∏—Å—Ç–µ–∫ —Å—Ä–æ–∫! –ö–∞–∫? –ó–Ω–∞–ª–∞ –±—ã , —á—Ç–æ –æ–Ω–∏ –Ω–µ –∫–∞—á–µ—Å—Ç–≤–µ–Ω–Ω—ã–µ –Ω–∏–∫–æ–≥–¥–∞ –±—ã –∏—Ö –Ω–µ –∫—É–ø–∏–ª–∞",,
5,"–î–æ—Å—Ç–æ–∏–Ω—Å—Ç–≤–∞:–†–∞–∑–º–µ—Ä –º–æ–π 42,–±—Ä–∞–ª 43 –ü–æ –æ–±—ä—ë–º—É —É–∑–∫–æ–≤–∞—Ç—ã. –ü–æ–¥–æ—à–≤–∞ –∂—ë—Å—Ç–∫–∞—è –∫–∞–∫ –±—É–¥—Ç–æ –∫–æ–Ω—å–∫–∏ –æ–¥–µ–ª. –ù–µ –∫–æ–º—Ñ–æ—Ä—Ç–Ω—ã–µ!",,
5,"–î–æ—Å—Ç–æ–∏–Ω—Å—Ç–≤–∞:—Å—É–ø–µ—Ä –∫–∞—á–µ—Å—Ç–≤–æ
–ù–µ–¥–æ—Å—Ç–∞—Ç–∫–∏:—á—É—Ç—å —á—É—Ç—å –º–∞–ª–æ–º–µ—Ä—è—Ç
–ö–æ–º–º–µ–Ω—Ç–∞—Ä–∏–π:–≤–æ–∑—å–º—É —Å–µ–±–µ –Ω–∞ –≤–µ—Å–Ω—É —Å–∞–º–æ–µ —Ç–æ –±—É–¥–µ—Ç",,
5,"–î–æ—Å—Ç–æ–∏–Ω—Å—Ç–≤–∞:–ü–æ–ª–Ω–æ–µ —Å–æ–æ—Ç–≤–µ—Ç—Å—Ç–≤–∏–µ, –Ω–µ—Ç –Ω–µ–ø—Ä–∏—è—Ç–Ω–æ–≥–æ –∑–∞–ø–∞—Ö–∞. –ú—è–≥–∫–∏–µ, —É–¥–æ–±–Ω—ã–µ, —Å—Ç–∏–ª—å–Ω—ã–µ. –ú–∞–ª–æ–º–µ—Ä—è—Ç –Ω–∞ —Ä–∞–∑–º–µ—Ä. –û–¥–Ω–æ–∑–Ω–∞—á–Ω–æ —Ä–µ–∫–æ–º–µ–Ω–¥—É—é",,
3,–ù–µ–¥–æ—Å—Ç–∞—Ç–∫–∏:–ù–µ –ø–æ–¥–æ—à—ë–ª —Ä–∞–∑–º–µ—Ä,,
4,"–î–æ—Å—Ç–æ–∏–Ω—Å—Ç–≤–∞:–î–ª—è –º–µ–Ω—è , –æ—á–µ–Ω—å –Ω–µ —É–¥–æ–±–Ω–∞—è –∫–æ–ª–æ–¥–∫–∞, –∂—ë—Å—Ç–∫–∏–µ. –î—É–º–∞—é –∑–∏–º–æ–π –±—É–¥—É—Ç –¥—É–±–æ–≤—ã–µ",,
5,,,
5,"–î–æ—Å—Ç–æ–∏–Ω—Å—Ç–≤–∞:–û—Ç–ª–∏—á–Ω—ã–µ –∫—Ä–æ—Å—Å–æ–≤–∫–∏
–ù–µ–¥–æ—Å—Ç–∞—Ç–∫–∏:–ù–µ –æ–±–Ω–∞—Ä—É–∂–µ–Ω—ã",,
5,–î–æ—Å—Ç–æ–∏–Ω—Å—Ç–≤–∞:—Å—É–ø–µ—Ä,,
5,"–î–æ—Å—Ç–æ–∏–Ω—Å—Ç–≤–∞:–ö–∞—á–µ—Å—Ç–≤–æ –≤ –ø—Ä–∏–¥–µ–ª–∞—Ö –Ω–æ—Ä–º—ã , –¥–æ—Å—Ç–æ—è–Ω–æ —Å–∏–¥—è—Ç –Ω–∞ –Ω–æ–≥–µ
–ù–µ–¥–æ—Å—Ç–∞—Ç–∫–∏:–ß—É—Ç—å –∑–∞–≤—ã—à–µ–Ω–Ω–∞ —Ü–µ–Ω–∞",,
5,–î–æ—Å—Ç–æ–∏–Ω—Å—Ç–≤–∞:–í—Å–µ –æ—Ç–ª–∏—á–Ω–æ,,
1,"–ù–µ–¥–æ—Å—Ç–∞—Ç–∫–∏:–û—á–µ–Ω—å —Å–∫–æ–ª—å–∑–∫–∞—è –∏ ¬´–¥—É–±–æ–≤–∞—è¬ª –ø–æ–¥–æ—à–≤–∞. –ó–∏–º–æ–π –ª—É—á—à–µ –Ω–µ –Ω–æ—Å–∏—Ç—å, –∞ –¥–ª—è –≤–µ—Å–Ω—ã –∏ –æ—Å–µ–Ω–∏ –æ–Ω–∏ –æ—á–µ–Ω—å —Ç–µ–ø–ª—ã–µ. –í —Å–≤—è–∑–∏ —Å —Ç–µ–º, —á—Ç–æ –ø–æ–¥–æ—à–≤–∞ —Å—Ä–µ–∑–∞–Ω–∞ –≤ —Ä–∞–π–æ–Ω–µ –ø–∞ –ª—å—Ü–µ–≤, –ø—Ä–∏—Ö–æ–¥–∏—Ç—å—Å—è –∑–∞–Ω–æ–≤–æ —É—á–∏—Ç—å—Å—è —Ö–æ–¥–∏—Ç—å! –ù–µ —Å–æ–≤–µ—Ç—É—é –Ω–∏–∫–æ–º—É –±—Ä–∞—Ç—å —ç—Ç—É –æ–±—É–≤—å, –∫—Ä–æ–º–µ –∫–≤–∞–¥—Ä–æ–±–µ—Ä–æ–≤!",,
5,"–î–æ—Å—Ç–æ–∏–Ω—Å—Ç–≤–∞:–û—á–µ–Ω—å –ø–æ–Ω—Ä–∞–≤–∏–ª–∏—Å—å! –û—Ç–ª–∏—á–Ω—ã–µ –º–∞—Ç–µ—Ä–∏–∞–ª—ã –∏ –∫–∞—á–µ—Å—Ç–≤–æ –∏–∑–≥–æ—Ç–æ–≤–ª–µ–Ω–∏—è!
–ù–µ–¥–æ—Å—Ç–∞—Ç–∫–∏:–Ω–µ—Ç
–ö–æ–º–º–µ–Ω—Ç–∞—Ä–∏–π:–ü–æ–¥—Ä–∞–∑—É–º–µ–≤–∞–ª —É–≤–∏–¥–µ—Ç—å –∫–∞—á–µ—Å—Ç–≤–µ–Ω–Ω—É—é –ø–∞–ª—å –∏ –Ω–µ –±—Ä–∞—Ç—å, –Ω–æ –∫–∞—á–µ—Å—Ç–≤–æ –∏–∑–≥–æ—Ç–æ–≤–ª–µ–Ω–∏—è –Ω–µ –æ—Ç–ª–∏—á–∞–µ—Ç—Å—è –æ—Ç –æ—Ä–∏–≥–∏–Ω–∞–ª–∞, –¥–∞ –¥–∞–∂–µ –ª—É—á—à–µ!–ò–º–µ–µ—Ç—Å—è –æ–ø—ã—Ç –ø–æ–∫—É–ø–æ–∫ –≤ —Ñ–∏—Ä–º–µ–Ω–Ω—ã—Ö –º–∞–≥–∞–∑–∏–Ω–∞—Ö –Ω–∞–π–∫ (–∏ —Ç–∞–º –Ω–µ –≤—Å–µ–≥–¥–∞ –≤—Å–µ –ø—Ä—è–º –∏–¥–µ–∞–ª—å–Ω–æ), –ø–æ—ç—Ç–æ–º—É –±—ã–ª –ø—Ä–∏—è—Ç–Ω–æ —É–¥–∏–≤–ª–µ–Ω! –†–µ–∞–ª—å–Ω–æ —Ö–æ—Ç–µ–ª –Ω–∞–π—Ç–∏ –Ω–µ–¥–æ—Å—Ç–∞—Ç–∫–∏, –Ω–æ –Ω–µ –Ω–∞—à–µ–ª. –ù–∏ –æ–¥–Ω–æ–π –Ω–∏—Ç–∫–∏ –∏–ª–∏ –∫—Ä–∏–≤–æ–≥–æ —à–≤–∞.",,
